,Point.Forecast,Lo.80,Hi.80,Lo.95,Hi.95
2017.497604,186.7483867,164.6569407,208.8398326,152.9624357,220.5343376
